,Verb,cleaned_tweets,pverb
0, Авансировать ,авансировать,авансируй
1,Автоматизировать ,автоматизировать,автоматизируй
2,Агитировать ,агитировать,агитируй
7,Администрировать ,администрировать,администрируй
9,Акклиматизироваться ,акклиматизироваться,акклиматизируй
10,Аккомпанировать ,аккомпанировать,аккомпанируй
12,Активизировать ,активизировать,активизируй
13,Акцентировать ,акцентировать,акцентируй
14,Алеть ,алеть,алей
16,Амальгамировать ,амальгамировать,амальгамируй
17,Амнистировать ,амнистировать,амнистируй
18,Ампутировать ,ампутировать,ампутируй
19,Анализировать ,анализировать,анализируй
20,Апеллировать ,апеллировать,апелируй
21,Аплодировать ,аплодировать,аплодируй
23,Аргументировать ,аргументировать,аргументируй
25,Арендовать ,арендовать,арендуй
27,Арестовывать ,арестовывать,арестовывай
28,Ассигновать ,ассигновать,ассинируй
29,Ассистировать ,ассистировать,ассинируй
31,Атаковать ,атаковать,атакуй
32,Аттестовывать ,аттестовывать,аттестуй
33,Афишировать ,афишировать,афишируй
34, ,,
35,Багроветь ,багроветь,багровей
37,Баллотировать ,баллотировать,баллотируй
38,Баловать ,баловать,балуй
39,Баловаться ,баловаться,балуйся
40,Бальзамировать ,бальзамировать,бальзамируй
41,Барабанить ,барабанить,барабань
43,Барахтаться ,барахтаться,барахтайся
44,Баррикадировать ,баррикадировать,баррикадируй
45,Барствовать ,барствовать,барствуй
46,Басить ,басить,баси
47,Бастовать ,бастовать,баствуй
48,Батрачить ,батрачить,батрачь
49,Бегать ,бегать,багай
51,Беднеть ,беднеть,бедней
52,Бедокурить ,бедокурить,бедокурь
53,Бедствовать ,бедствовать,бедствуй
54,Бежать ,бежать,беги
61,Бездельничать ,бездельничать,бездельничай
62,Беззаконничать ,беззаконничать,баззаконничай
63,Безумствовать ,безумствовать,безумствуй
64,Белеть ,белеть,белей
66,Белить ,белить,бели
67,Бередить ,бередить,бередь
68,Беречь ,беречь,береги
70,Беседовать ,беседовать,беседуй
71,Бесить ,бесить,беси
73,Беситься ,беситься,бесись
75,Бесноваться ,бесноваться,беснуйся
76,Беспокоиться ,беспокоиться,беспокойся
77,Беспутствовать ,беспутствовать,беспутствуй
79,Бесславить ,бесславить,бесславь
81,Бесстыдничать ,бесстыдничать,бусстыдничай
82,Бесчестить ,бесчестить,бесчесть
83,Бешенствовать ,бешенствовать,бешенствуй
84,Бинтовать ,бинтовать,бентуй
86,Бисировать ,бисировать,бисируй
88,Бить ,бить,бей
102,Биться ,биться,бейся
107,Благоволить ,благоволить,благоволи
108,Благоговеть ,благоговеть,баговей
109,Благодарить ,благодарить,благодори
110,Благоденствовать ,благоденствовать,багоденствуй
111,Благодушествовать ,благодушествовать,благодушенствуй
112,Благоприятствовать ,благоприятствовать,благопреятствуй
113,Благословлять ,благословлять,благослови
114,Благоухать ,благоухать,благоухай
115,Блаженствовать ,блаженствовать,блаженствуй
116,Бледнеть ,бледнеть,бледней
120,Блекнуть ,блекнуть,блекни
121,Блеснуть ,блеснуть,блесни
122,Блестеть ,блестеть,блести
126,Блеять ,блеять,блей
127,Блистать ,блистать,блистай
128,Блокировать ,блокировать,блокируй
130,Блуждать ,блуждать,блуждай
134,Богатеть ,богатеть,богатей
135,Боготворить ,боготворить,боготвори
136,Бодать ,бодать,бодай
137,Бодрить ,бодрить,бодри
139,Бодриться ,бодриться,бодрейся
140,Бодрствовать ,бодрствовать,бодствуй
141,Божиться ,божиться,божись
142,Боксировать ,боксировать,боксируй
143,Болеть ,болеть,болей
145,Болтать ,болтать,болтай
152,Болтаться ,болтаться,болтайся
154,Бомбардировать ,бомбардировать,бомбардируй
155,Бомбить ,бомбить,бомби
156,Бормотать ,бормотать,бормочи
157,Боронить ,боронить,борони
158,Бороть ,бороть,бори
159,Бороться ,бороться,борись
164,Бояться ,бояться,боись
165,Бранить ,бранить,брани
166,Браниться ,браниться,бранись
169,Брать ,брать,бери
182,Браться ,браться,берись
183,Бредить ,бредить,бредь
184,Брезговать ,брезговать,брезгуй
185,Брезжить ,брезжить,брежи
187,Бренчать ,бренчать,бренись
189,Брести ,брести,бре
190,Брить ,брить,брей
191,Бриться ,бриться,бреди
192,Бродить ,бродить,бороди
196,Бродяжить ,бродяжить,бродяжь
197,Бродяжничать ,бродяжничать,бродяжничай
198,Бронзировать ,бронзировать,бронзируй
199,Бронировать ,бронировать,бронируй
200,Бросать ,бросать,бросай
207,Бросаться ,бросаться,бросайся
210,Брызгать ,брызгать,брызгай
214,Брызгаться ,брызгаться,брызгайся
215,Брызнуть ,брызнуть,брызни
216,Брюзжать ,брюзжать,брюжжи
218,Брякать ,брякать,браякни
219,Брякаться ,брякаться,брякайся
220,Бубнить ,бубнить,бубни
222,Будить ,будить,буди
225,Будоражить ,будоражить,будоражь
227,Буйствовать ,буйствовать,буйствуй
228,Бултыхаться ,бултыхаться,бултыхайся
229,Булькать ,булькать,булькай
230,Бунтовать ,бунтовать,бунтуй
231,Буравить ,буравить,буравь
232,Буранить ,буранять,бурань
233,Буреть ,буреть,бурей
235,Бурить ,бурить,бури
236,Бурлить ,бурлить,бурли
238,Бурчать ,бурчать,бурчи
240,Бухать ,бухать,бухай
242,Бухаться ,бухаться,бухайся
243,Бушевать ,бушевать,бушуй
246,Буянить ,буянить,буянь
247,Бывать ,бывать,бывай
250,Бытовать ,бытовать,бытуй
251,Быть ,быть,будь
256,Валить ,валить,вали
263,Валиться ,валиться,валейся
268,Вальсировать ,вальсировать,вальсируй
269,Валять ,валять,валяй
271,Валяться ,валяться,валяйся
272,Варить ,варить,вари
273,Вариться ,вариться,варись
274,Варьировать ,варьировать,варьируй
275,Варьироваться ,варьироваться,варьируйся
276,Ваять ,ваять,ваяй
277,Вбегать ,вбегать,вбегай
279,Вбивать ,вбивать,вбивай
280,Вбрасывать ,вбрасывать,вбрасывай
282,Вваливать ,вваливать,ввали
284,Вваливаться ,вваливаться,ввались
285,Вваривать ,вваривать,ввари
286,Ввергаться ,ввергаться,ввергнись
287,Ввертывать ,ввертывать,вверти
290,Ввивать ,ввивать,ввей
291,Ввинчивать ,ввинчивать,ввинти
293,Вводить ,вводить,введи
295,Ввозить ,ввозить,ввези
297,Вволакивать ,вволакивать,вволоки
299,Ввязывать ,ввязывать,ввяжи
301,Вгибать ,вгибать,ввогни
302,Вглядываться ,вглядываться,ввглянись
303,Вгонять ,вгонять,вгони
306,Вдаваться ,вдаваться,вдайся
307,Вдавливать ,вдавливать,вдави
308,Вдалбливать ,вдалбливать,вдолби
309,Вдвигать ,вдвигать,вдвигни
310,Вдевать ,вдевать,вдевь
312,Вделывать ,вделывать,вделай
313,Вдергивать ,вдергивать,влергни
315,Вдохновлять ,вдохновлять,вдохнови
317,Вдохновляться ,вдохновляться,вдохновись
318,Вдувать ,вдувать,вдуй
319,Вдыхать ,вдыхать,вдохни
321,Везти ,везти,вези
323,Велеть ,велеть,вели
324,Величать ,величать,величай
325,Вентилировать ,вентилировать,вентилируй
326,Венчаться ,венчаться,венчайся
328,Вербовать ,вербовать,вербуй
329,Верещать ,верещать,верещи
332,Верить ,верить,верь
333,Вернуть ,вернуть,верни
335,Вертеть ,вертеть,верти
339,Вертеться ,вертеться,вертись
343,Вершиться ,вершиться,вершись
344,Веселеть ,веселеть,веселись
345,Веселить ,веселить,весели
347,Веселиться ,веселиться,веселись
348,Вести ,весть,веди
352,Вестись ,вестись,ведись
353,Ветренеть ,ветренеть,ветреней
354,Ветшать ,ветшать,ветши
355,Вечереть ,вечереть,вечери
356,Вешать ,вешать,весь
358,Веять ,веять,веяй
359,Вжимать ,вжимать,вжимай
360,Взаимодействовать ,взаимодействовать,взаимодействуй
362,Взбалтывать ,взбалтывать,взболтни
363,Взбегать ,взбегать,взбеги
364,Взбивать ,взбивать,взбей
365,Взбираться ,взбираться,взобрись
367,Взбрасывать ,взбрасывать,взбрось
368,Взбунтоваться ,взбунтоваться,взбунтуйся
369,Взбухать ,взбухать,взбехни
371,Взбушеваться ,взбушеваться,взбешуйся
372,Взваливать ,взваливать,взвали
375,Взвевать ,взвевать,взведи
377,Взвешивать ,взвешивать,взвесь
379,Взвинчивать ,взвинчивать,взвинти
380,Взвиться ,взвиваться,взвинтись
381,Взгромоздить ,взгромождать,взгромоди
382,Вздергивать ,вздергивать,вздерни
383,Вздрагивать ,вздрагивать,вздрогни
385,Вздремнуть ,вздремнуть,вздремни
386,Вздувать ,вздувать,вздуй
389,Вздуваться ,вздуваться,вздуйся
391,Вздумать ,вздумать,вздумай
392,Вздуматься ,вздуматься,вздумайся
393,Вздыбливать ,вздыбливать,вздыбли
395,Вздымать ,вздымать,вздыми
397,Вздыхать ,вздыхать,вздохни
399,Взламывать ,взламывать,взломай
400,Взлезать ,взлезать,взлезь
401,Взмаливаться ,взмаливаться,взмолвись
402,Взмахивать ,взмахивать,взмахни
406,Взметать ,взметать,взметни
407,Взметывать ,взметывать,взметывай
408,Взмокать ,взмокать,взмокни
409,Взойти ,восходить,восходи
411,Взращивать ,взращивать,взрости
412,Взрослеть ,взрослеть,взрослей
413,Взрывать ,взрывать,взорви
415,Взрываться ,взрываться,взорвись
416,Взъерошиться ,взъерошиваться,взъерошься
418,Взывать ,взывать,взови
419,Взыграть ,взыграть,взыграй
420,Взыскивать ,взыскивать,взыщи
421,Вибрировать ,вибрировать,вибрируй
422,Видеть ,видеть,видь
427,Видеться ,видеться,видься
429,Виднеться ,виднеться,виднейся
430,Видоизменять ,видоизменять,видоизменись
431,Видоизменяться ,видоизменяться,видоизменись
432,Визжать ,визжать,визжи
435,Вилять ,вилять,виляй
437,Винтить ,винтить,винти
438,Висеть ,висеть,виси
441,Вить ,вить,вей
442,Виться ,виться,вейся
445,Вихрить ,вихрить,вихрейся
446,Вкалывать ,вкалывать,вкалывай
447,Вкапывать ,вкапывать,вкопай
448,Вкапываться ,вкапываться,вкопайся
449,Вкатывать ,вкатывать,вкатывай
450,Вкидывать ,вкидывать,вкинь
452,Вкладывать ,вкладывать,вложи
456,Вклеивать ,вклеивать,вклей
457,Вклепывать ,вклепывать,вклепи
458,Вклинивать ,вклинивать,вклинь
459,Включать ,включать,включи
461,Включаться ,включаться,включись
464,Вковывать ,вковывать,вкуй
465,Вколачивать ,вколачивать,вколоти
466,Вкраивать ,вкраивать,вкрой
467,Вкручивать ,вкручивать,вкрути
468,Владеть ,владеть,владей
470,Владычествовать ,владычествовать,владычествуй
471,Влажнеть ,влажнеть,влажней
472,Властвовать ,властвовать,властвуй
473,Влачиться ,влачиться,влачись
474,Влезать ,влезать,влезь
478,Влепить ,влеплять,влепи
479,Влеплять ,влеплять,влепи
480,Влечь ,влечь,влеки
482,Вливать ,вливать,влей
486,Вливаться ,вливаться,вливайся
488,Влипать ,влипать,влепи
489,Влиять ,влиять,влияй
490,Влюблять ,влюблять,влиюби
491,Влюбляться ,влюбляться,влюбись
492,Вмазывать ,вмазывать,взмажь
493,Вматывать ,вматывать,вмачи
494,Вмешивать ,вмешивать,вмеси
495,Вмешиваться ,вмешиваться,вмешивайся
497,Вмещаться ,вмещаться,вместись
498,Вминать ,вминать,вминай
499,Вмонтировать ,вмонтировать,
501,Вмораживать ,вмораживать,
502,Вмуровывать ,вмуровывать,
504,Вникать ,вникать,
505,Внимать ,внимать,
506,Вносить ,вносить,
512,Внушать ,внушать,
513,Вовлекать ,вовлекать,
514,Водворять ,водворять,
516,Водиться ,водиться,
518,Водружать ,водружать,
519,Воевать ,воевать,
521,Возбранять ,возбранять,
522,Возбуждать ,возбуждать,
525,Возвещать ,возвещать,
526,Возводить ,возводить,
528,Возвращать ,возвращать,
529,Возвращаться ,возвращаться,
530,Возвышаться ,возвышаться,
531,Возглавлять ,возглавлять,
532,Воздвигать ,воздвигать,
533,Воздействовать ,воздействовать,
534,Воззриться ,воззриться,
535,Возиться ,возиться,
536,Возлагать ,возлагать,
538,Возмещать ,возмещать,
539,Возмещаться ,возмещаться,
540,Возмужать ,возмужать,
541,Возмущать ,возмущать,
543,Возмущаться ,возмущаться,
544,Вознаграждать ,вознаграждать,
545,Возникать ,возникать,
547,Возносить ,возносить,
548,Возобладать ,возобладать,
549,Возражать ,возражать,
551,Возрастать ,возрастать,
552,Возрождать ,возрождать,
553,Возрождаться ,возрождаться,
555,Волновать ,волновать,
558,Волноваться ,волноваться,
560,Волочить ,волочить,
562,Волочиться ,волочиться,
564,Вольничать ,вольничать,
565,Вонзать ,вонзать,
567,Вонзаться ,вонзаться,
568,Воображать ,воображать,
570,Воображаться ,воображаться,
571,Воодушевлять ,воодушевлять,
573,Воодушевляться ,воодушевляться,
574,Вооружать ,вооружать,
578,Вооружаться ,вооружаться,
580,Вопить ,вопить,
583,Воплощать ,воплощать,
584,Воплощаться ,воплощаться,
585,Ворковать ,ворковать,
586,Воровать ,воровать,
588,Ворожить ,ворожить,
589,Ворочать ,ворочать,
593,Ворочаться ,ворочаться,
595,Ворошить ,ворошить,
598,Ворошиться ,ворошиться,
599,Ворчать ,ворчать,
603,Восклицать ,восклицать,
604,Воскресать ,воскресать,
606,Воскрешать ,воскрешать,
608,Воспитывать ,воспитывать,
611,Воспламенять ,воспламенять,
613,Воспламеняться ,воспламеняться,
615,Восполнять ,восполнять,
616,Восполняться ,восполняться,
617,Воспрещать ,воспрещать,
618,Воспринимать ,воспринимать,
621,Воспроизводить ,воспроизводить,
622,Воспротивиться ,воспротивиться,
623,Воссоздаваться ,воссоздаваться,
624,Восставать ,восставать,
626,Восстанавливать ,восстанавливать,
628,Восстанавливаться ,восстанавливаться,
629,Восторгать ,восторгать,
631,Восторгаться ,восторгаться,
632,Восторжествовать ,восторжествовать,
633,Восхищать ,восхищать,
635,Восхищаться ,восхищаться,
636,Восходить ,восходить,
637,Воткать ,воткать,
638,Вощить ,вощить,
639,Впадать ,впадать,
642,Впаивать ,впаивать,
643,Впивать ,впивать,
644,Впиваться ,впиваться,
648,Вписать ,вписывать,
649,Вписывать ,вписывать,
651,Вписываться ,вписываться,
652,Впитывать ,впитывать,
653,Впитываться ,впитываться,
654,Вплетать ,вплетать,
655,Вплывать ,вплывать,
656,Вползать ,вползать,
659,Впрыскивать ,впрыскивать,
661,Впрягать ,впрягать,
662,Впрядать ,впрядать,
663,Впускать ,впускать,
664,Впутывать ,впутывать,
666,Впутываться ,впутываться,
667,Враждовать ,враждовать,
668,Вразумлять ,вразумлять,
671,Врать ,врать,
673,Вращать ,вращать,
675,Вращаться ,вращаться,
677,Врезать ,врезать,
678,Врезаться ,врезаться,
681,Врезываться ,врезываться,
682,Врубаться ,врубаться,
683,Врывать ,врывать,
684,Врываться ,врываться,
685,Всаживать ,всаживать,
686,Вселять ,вселять,
688,Вселяться ,вселяться,
689,Вскакивать ,вскакивать,
690,Вскапывать ,вскапывать,
691,Вскарабкиваться ,вскарабкиваться,
692,Вскидывать ,вскидывать,
693,Вскипать ,вскипать,
694,Вскипеть ,вскипать,
695,Всколыхнуть ,всколыхивать,
696,Всколыхнуться ,всколыхиваться,
697,Вскрикивать ,вскрикивать,
698,Вскрывать ,вскрывать,
701,Вскрываться ,вскрываться,
702,Вслушиваться ,вслушиваться,
703,Всматриваться ,всматриваться,
705,Всовывать ,всовывать,
708,Вспарывать ,вспарывать,
709,Всплывать ,всплывать,
712,Всполошить ,всполошить,
714,Вспрыгивать ,вспрыгивать,
715,Вспрыскивать ,вспрыскивать,
716,Вспугивать ,вспугивать,
717,Вспухать ,вспухать,
719,Вспучиваться ,вспучиваться,
721,Вспылить ,вспылить,
722,Вспыхивать ,вспыхивать,
725,Вставать ,вставать,
727,Вставлять ,вставлять,
730,Встречать ,встречать,
739,Встречаться ,встречаться,
742,Встряхивать ,встряхивать,
747,Встряхиваться ,встряхиваться,
748,Вступать ,вступать,
749,Вступаться ,вступаться,
750,Всхлипывать ,всхлипывать,
751,Всходить ,всходить,
752,Всыпать ,всыпать,
755,Вталкивать ,вталкивать,
756,Втаптывать ,втаптывать,
757,Втаскивать ,втаскивать,
762,Втекать ,втекать,
763,Втирать ,втирать,
764,Втираться ,втираться,
765,Втискивать ,втискивать,
766,Втискиваться ,втискиваться,
767,Втолочь ,втолочь,
768,Вторгаться ,вторгаться,
769,Вторить ,вторить,
772,Втравливать ,втравливать,
773,Втравлять ,втравлять,
774,Втрамбовывать ,втрамбовывать,
775,Втыкать ,втыкать,
776,Втыкаться ,втыкаться,
777,Втягивать ,втягивать,
779,Втягиваться ,втягиваться,
780,Входить ,входить,
783,Вшивать ,вшивать,
784,Въедаться ,въедаться,
786,Въезжать ,въезжать,
787,Выбалтывать ,выбалтывать,
788,Выбегать ,выбегать,
789,Выбивать ,выбивать,
794,Выбирать ,выбирать,
797,Выбираться ,выбираться,
800,Выбрасывать ,выбрасывать,
806,Выбрасываться ,выбрасываться,
807,Выбривать ,выбривать,
808,Выбывать ,выбывать,
809,Вываливаться ,вываливаться,
810,Вывертывать ,выворачивать,
811,Выверять ,выверять,
812,Вывинчивать ,вывинчивать,
813,Вывихивать ,вывихивать,
814,Выводить ,выводить,
818,Вывозить ,вывозить,
819,Выволакивать ,выволакивать,
821,Выворачивать ,выворачивать,
823,Выворачиваться ,выворачиваться,
824,Выгибать ,выгибать,
825,Выгибаться ,выгибаться,
826,Выглядеть ,выглядеть,
827,Выглядывать ,выглядывать,
828,Выговаривать ,выговаривать,
830,Выговариваться ,выговариваться,
831,Выгонять ,выгонять,
833,Выгорать ,выгорать,
834,Выгребать ,выгребать,
835,Выгружать ,выгружать,
836,Выгружаться ,выгружаться,
837,Выгрызать ,выгрызать,
838,Выдавать ,выдавать,
844,Выдаваться ,выдаваться,
845,Выдавливать ,выдавливать,
848,Выдвигать ,выдвигать,
849,Выдвигаться ,выдвигаться,
850,Выдворять ,выдворять,
851,Выделывать ,выделывать,
852,Выделять ,выделять,
854,Выдергивать ,выдергивать,
855,Выдумывать ,выдумывать,
856,Выдыхать ,выдыхать,
857,Выдыхаться ,выдыхаться,
858,Выезжать ,выезжать,
861,Выживать ,выживать,
865,Выжимать ,выжимать,
868,Вызвездить ,вызвездить,
869,Вызволять ,вызволять,
870,Выздоравливать ,выздоравливать,
871,Вызревать ,вызревать,
872,Вызубривать ,вызубривать,
873,Вызывать ,вызывать,
879,Выигрывать ,выигрывать,
882,Выискивать ,выискивать,
884,Выйти ,выходить,
885,Выказывать ,выказывать,
886,Выкапывать ,выкапывать,
887,Выкарабкиваться ,выкарабкиваться,
888,Выкатывать ,выкатывать,
889,Выкатываться ,выкатываться,
891,Выкачивать ,выкачивать,
892,Выкашивать ,выкашивать,
893,Выкидывать ,выкидывать,
900,Выкладывать ,выкладывать,
904,Выкликать ,выкликать,
905,Выклянчивать ,выклянчивать,
906,Выковывать ,выковывать,
907,Выколачивать ,выколачивать,
909,Выкорчевывать ,выкорчевывать,
911,Выкрадывать ,выкрадывать,
912,Выкраивать ,выкраивать,
913,Выкрасить ,выкрасить,
914,Выкрикивать ,выкрикивать,
915,Выкручиваться ,выкручиваться,
916,Выкупать ,выкупать,
917,Выкуривать ,выкуривать,
919,Вылезать ,вылезать,
922,Вылетать ,вылетать,
927,Вылечивать ,вылечивать,
928,Вылечиваться ,вылечиваться,
930,Выливать ,выливать,
931,Выливаться ,выливаться,
932,Вылизывать ,вылизывать,
933,Вымазывать ,вымазывать,
935,Вымазываться ,вымазываться,
936,Вымаливать ,вымаливать,
937,Выманивать ,выманивать,
938,Выматывать ,выматывать,
939,Выматываться ,выматываться,
940,Выменивать ,выменивать,
942,Вымерзать ,вымерзать,
943,Вымерять ,вымерять,
944,Выметать ,выметать,
946,Вымещать ,вымещать,
947,Вымокнуть ,вымокать,
948,Вымолвить ,вымолвить,
949,Вымочить ,вымачивать,
950,Вымучивать ,вымучивать,
951,Вынашивать ,вынашивать,
953,Вынимать ,вынимать,
954,Выносить ,выносить,
957,Вынуждать ,вынуждать,
958,Вынюхивать ,вынюхивать,
959,Вынянчивать ,вынянчивать,
960,Выпадать ,выпадать,
962,Выпаливать ,выпаливать,
963,Выпархивать ,выпархивать,
965,Выпасть ,выпадать,
966,Выпачкивать ,выпачкивать,
967,Выпекать ,выпекать,
968,Выпивать ,выпивать,
969,Выпиливать ,выпиливать,
971,Выписывать ,выписывать,
973,Выплачивать ,выплачивать,
974,Выплевывать ,выплевывать,
975,Выплескивать ,выплескивать,
976,Выплескиваться ,выплескиваться,
977,Выплетать ,выплетать,
978,Выплывать ,выплывать,
980,Выплыть ,выплывать,
981,Выполаскивать ,выполаскивать,
982,Выползать ,выползать,
984,Выполнять ,выполнять,
985,Выполняться ,выполняться,
986,Выправлять ,выправлять,
988,Выправляться ,выправляться,
989,Выпрашивать ,выпрашивать,
992,Выпрашиваться ,выпрашиваться,
993,Выпроваживать ,выпроваживать,
994,Выпрыгивать ,выпрыгивать,
995,Выпрягать ,выпрягать,
996,Выпрягаться ,выпрягаться,
997,Выпрямлять ,выпрямлять,
998,Выпрямляться ,выпрямляться,
999,Выпускать ,выпускать,
1004,Выпутываться ,выпутываться,
1005,Выпучивать ,выпучивать,
1006,Выпытывать ,выпытывать,
1007,Выпячивать ,выпячивать,
1008,Вырабатывать ,вырабатывать,
1010,Выравнивать ,выравнивать,
1012,Вырастать ,вырастать,
1015,Вырезать ,вырезать,
1017,Вырезывать ,вырезывать,
1018,Вырождаться ,вырождаться,
1019,Выронить ,выронить,
1020,Выручать ,выручать,
1022,Вырывать ,вырывать,
1026,Вырываться ,вырываться,
1029,Высаживать ,высаживать,
1030,Высаживаться ,высаживаться,
1031,Высверливать ,высверливать,
1032,Высвобождать ,высвобождать,
1033,Высвобождаться ,высвобождаться,
1035,Высекать ,высекать,
1036,Выселять ,выселять,
1037,Выселяться ,выселяться,
1038,Высказывать ,высказывать,
1039,Выскакивать ,выскакивать,
1041,Выскальзывать ,выскальзывать,
1043,Выслеживать ,выслеживать,
1045,Выслуживать ,выслуживать,
1046,Выслуживаться ,выслуживаться,
1047,Выслушивать ,выслушивать,
1048,Высмаркиваться ,высмаркиваться,
1049,Высматривать ,высматривать,
1050,Высовываться ,высовываться,
1052,Выспрашивать ,выспрашивать,
1053,Выставлять ,выставлять,
1058,Выстаивать ,выстаивать,
1059,Выстилать ,выстилать,
1060,Выстоять ,выстаивать,
1061,Выстрагивать ,выстрагивать,
1063,Выстрадать ,выстрадать,
1064,Выстраивать ,выстраивать,
1066,Выстраиваться ,выстраиваться,
1067,Выстукивать ,выстукивать,
1068,Выступать ,выступать,
1072,Высчитывать ,высчитывать,
1074,Высылать ,высылать,
1076,Высыпать ,высыпать,
1079,Высыпаться ,высыпаться,
1082,Высыхать ,высыхать,
1084,Выталкивать ,выталкивать,
1086,Вытаптывать ,вытаптывать,
1087,Вытаращивать ,вытаращивать,
1088,Вытаскивать ,вытаскивать,
1090,Вытачивать ,вытачивать,
1092,Вытворять ,вытворять,
1093,Вытеснять ,вытеснять,
1096,Вытесывать ,вытесывать,
1098,Вытирать ,вытирать,
1100,Вытираться ,вытираться,
1101,Вытравливать ,вытравливать,
1103,Вытряхивать ,вытряхивать,
1104,Вытуривать ,вытуривать,
1105,Выть ,выть,
1110,Вытягивать ,вытягивать,
1115,Вытягиваться ,вытягиваться,
1117,Выуживать ,выуживать,
1118,Выучивать ,выучивать,
1119,Выучиваться ,выучиваться,
1120,Выхватывать ,выхватывать,выхвати
1122,Выхлопатывать ,выхлопатывать,выхлопочи
1123,Выходить ,выходить,выйди
1127,Выцарапывать ,выцарапывать,выцарапай
1128,Выцарапываться ,выцарапываться,выцарапайся
1129,Вычеркивать ,вычеркивать,вычеркни
1132,Вычерчивать ,вычерчивать,вычерти
1133,Вычислять ,вычислять,вычисли
1134,Вычитать ,вычитать,вычти
1138,Вышагивать ,вышагивать,вышагнивай
1139,Вышвыривать ,вышвыривать,вышвыри
1143,Вышибать ,вышибать,вышиби
1145,Вышивать ,вышивать,вышиби
1147,Выяснять ,выяснять,выясни
1149,Вьюжить ,вьюжить,вьюжи
1150,Вязать ,вязать,вяжи
1156,Вязаться ,вязаться,вяжись
1157,Вянуть ,вянуть,вянь
1159,Гавкать ,гавкать,гавкни
1160,Гадать ,гадать,гадай
1162,Галдеть ,галдеть,галди
1163,Галлюцинировать ,галлюцинировать,галлицируй
1164,Галопировать ,галопировать,галопируй
1165,Гарантировать ,гарантировать,гарантируй
1166,Гаркать ,гаркать,гаркай
1167,Гармонизировать ,гармонизировать,гармонизируй
1168,Гарцевать ,гарцевать,гарцей
1169,Гаснуть ,гаснуть,гасни
1173,Гатить ,гатить,гати
1174,Геройствовать ,геройствовать,геройствуй
1175,Гибнуть ,гибнуть,габни
1177,Гипнотизировать ,гипнотизировать,гипнотизируй
1178,Гладить ,гладить,гладь
1180,Глазировать ,глазировать,глазируй
1181,Глазуровать ,глазуровать,глазуруй
1182,Глодать ,глодать,глодай
1185,Глотать ,глотать,глотай
1188,Глохнуть ,глохнуть,глохни
1190,Глумиться ,глумиться,глумись
1191,Глупеть ,глупеть,глупей
1192,Глупить ,глупить,глупи
1193,Глушить ,глушить,глуши
1197,Глядеть ,глядеть,гляди
1205,Гнать ,гнать,гони
1211,Гнаться ,гнаться,гонись
1212,Гневаться ,гневаться,гневайся
1213,Гнездиться ,гнездиться,гнездись
1215,Гнить ,гнить,
1218,Гноить ,гноить,гной
1220,Гнусавить ,гнусавить,гнусавь
1221,Гнуть ,гнуть,гни
1222,Гнушаться ,гнушаться,гнушайся
1223,Говорить ,говорить,говори
1228,Говориться ,говориться,говорись
1229,Гоготать ,гоготать,гогочи
1230,Голодать ,голодать,голодай
1231,Голосовать ,голосовать,голосуй
1232,Голубеть ,голубеть,голубей
1234,Гончарничать ,гончарничать,гончарничай
1235,Гонять ,гонять,гони
1238,Гордиться ,гордиться,гордись
1239,Горевать ,горевать,горюй
1240,Гореть ,гореть,гори
1242,Горланить ,горланить,горлань
1243,Горячить ,горячить,горячи
1244,Господствовать ,господствовать,госпотствй
1245,Гостить ,гостить,гости
1246,Готовить ,готовить,готовь
1251,Грабить ,грабить,грабь
1254,Гравировать ,гравировать,гравируй
1258,Гранить ,гранить,грани
1259,Грезить ,грезить,грезь
1260,Грезиться ,грезиться,грезись
1261,Греметь ,греметь,греми
1267,Грести ,грести,греби
1269,Грешить ,грешить,греши
1270,Гримировать ,гримировать,гримируй
1271,Гримироваться ,гримироваться,гримируйся
1272,Грипповать ,грипповать,гриппуй
1273,Гробить ,гробить,гроби
1274,Грозить ,грозить,грози
1276,Громить ,громить,громи
1277,Громоздить ,громоздить,громозди
1279,Громыхать ,громыхать,громыхай
1280,Грохать ,грохать,грохай
1287,Грохотать ,грохотать,грохочи
1291,Грубеть ,грубеть,груби
1292,Грубить ,грубить,груби
1293,Грузнеть ,грузнеть,грузни
1294,Грунтовать ,грунтовать,грунтуй
1295,Группировать ,группировать,группируйся
1298,Группироваться ,группироваться,группируйся
1300,Грустить ,грустить,грусти
1301,Грызть ,грызть,грызи
1304,Грязнеть ,грязнеть,грязней
1305,Грязнить ,грязнить,грязней
1307,Грянуть ,грянуть,грянь
1312,Губить ,губить,губи
1314,Гудеть ,гудеть,гуди
1318,Гулять ,гулять,гуляй
1320,Густеть ,густеть,густи
1322,Давать ,давать,дай
1327,Давить ,давить,дави
1335,Дарить ,дарить,дари
1336,Дармоедничать ,дармоедничать,дармоедниай
1337,Даровать ,даровать,даруй
1338,Двигать ,двигать,двигай
1347,Двигаться ,двигаться,двигайся
1348,Двоиться ,двоиться,двоись
1350,Двуличничать ,двуличничать,двуличничай
1351,Дебоширить ,дебоширить,дебоширь
1352,Дебютировать ,дебютировать,дебютируй
1353,Девать ,девать,девай
1354,Деваться ,деваться,девайся
1355,Дежурить ,дежурить,дежурь
1356,Дезертировать ,дезертировать,дезертируй
1357,Дезинфицировать ,дезинфицировать,дезинфицируй
1358,Дезинформировать ,дезинформировать,дезинформируй
1359,Действовать ,действовать,действуй
1362,Декламировать ,декламировать,декламируй
1363,Делать ,делать,делай
1368,Делаться ,делаться,делайся
1370,Делить ,делить,дели
1373,Делиться ,делиться,делись
1375,Демобилизовать ,демобилизовать,демобилизируй
1376,Демобилизоваться ,демобилизоваться,демобилизируйся
1377,Демонстрировать ,демонстрировать,
1379,Демонтировать ,демонтировать,
1381,Деморализовать ,деморализовать,
1382,Дергать ,дергать,
1387,Дергаться ,дергаться,
1389,Деревенеть ,деревенеть,
1391,Держать ,держать,
1395,Держаться ,держаться,
1397,Деформировать ,деформировать,
1399,Деформироваться ,деформироваться,
1400,Дешеветь ,дешеветь,
1401,Диктовать ,диктовать,
1402,Директорствовать ,директорствовать,
1403,Дирижировать ,дирижировать,
1404,Дисквалифицировать ,дисквалифицировать,
1405,Дискредитировать ,дискредитировать,
1406,Дискриминировать ,дискриминировать,
1409,Дисциплинировать ,дисциплинировать,
1410,Дифференцировать ,дифференцировать,
1411,Длиться ,длиться,
1412,Добавлять ,добавлять,
1420,Добавляться ,добавляться,
1422,Добегать ,добегать,
1424,Добивать ,добивать,
1425,Добиваться ,добиваться,
1426,Добираться ,добираться,
1428,Добрасывать ,добрасывать,
1429,Добредать ,добредать,
1430,Добреть ,добреть,
1431,Добывать ,добывать,
1433,Доверять ,доверять,
1434,Доводить ,доводить,
1437,Доводиться ,доводиться,
1439,Договаривать ,договаривать,
1440,Договариваться ,договариваться,
1442,Догонять ,догонять,
1445,Додумываться ,додумываться,
1446,Доедать ,доедать,
1447,Доживать ,доживать,
1448,Дожидаться ,дожидаться,
1449,Дознаваться ,дознаваться,
1450,Дозревать ,дозревать,
1451,Доиграться ,доигрываться,
1452,Доказывать ,доказывать,
1455,Доканывать ,доканывать,
1457,Докапываться ,докапываться,
1458,Докатывать ,докатывать,
1460,Докатываться ,докатываться,
1462,Докидывать ,докидывать,
1463,Докладывать ,докладывать,
1464,Долбить ,долбить,
1468,Долезать ,долезать,
1469,Долетать ,долетать,
1471,Домогаться ,домогаться,
1472,Домчать ,домчать,
1473,Домчаться ,домчаться,
1474,Донимать ,донимать,
1475,Доносить ,доносить,
1476,Доноситься ,доноситься,
1477,Допекать ,допекать,
1478,Доплачивать ,доплачивать,
1479,Доплетаться ,доплетаться,
1480,Доплывать ,доплывать,
1483,Доползать ,доползать,
1485,Дополнять ,дополнять,
1488,Дополняться ,дополняться,
1489,Допрашивать ,допрашивать,
1490,Допрыгивать ,допрыгивать,
1492,Допускать ,допускать,
1493,Допытываться ,допытываться,
1494,Дорисовывать ,дорисовывать,
1496,Дорожать ,дорожать,
1497,Дорожить ,дорожить,
1498,Досадовать ,досадовать,
1499,Досаждать ,досаждать,
1500,Досказывать ,досказывать,
1501,Доскакивать ,доскакивать,
1502,Дослуживаться ,дослуживаться,
1503,Дослушивать ,дослушивать,
1504,Досматривать ,досматривать,
1505,Досочинять ,досочинять,
1506,Доставать ,доставать,
1510,Доставаться ,доставаться,
1511,Доставлять ,доставлять,
1515,Достигать ,достигать,
1520,Досчитываться ,досчитываться,
1521,Дотаскиваться ,дотаскиваться,
1522,Дотрагиваться ,дотрагиваться,
1523,Дотягивать ,дотягивать,дотягивай
1527,Дотягиваться ,дотягиваться,дотягивайся
1528,Дохнуть ,дохнуть,дохни
1529,Доходить ,доходить,доходи
1531,Дразнить ,дразнить,дразни
1533,Драпировать ,драпировать,драпируй
1534,Драть ,драть,дри
1536,Драться ,драться,дерись
1539,Дребезжать ,дребезжать,дребезжи
1540,Дремать ,дремать,дреми
1542,Дробить ,дробить,дроби
1544,Дробиться ,дробиться,дробься
1546,Дрогнуть ,дрогнуть,дрогни
1548,Дрожать ,дрожать,дрожи
1550,Дружить ,дружить,дружи
1551,Дряхлеть ,дряхлеть,дряхлей
1554,Дубить ,дубить,дуби
1555,Думать ,думать,думай
1558,Дурачиться ,дурачиться,дурачься
1559,Дурить ,дурить,дури
1560,Дурнеть ,дурнеть,дурней
1561,Дуть ,дуть,дуй
1562,Душить ,душить,души
1566,Душиться ,душиться,душись
1567,Дымить ,дымить,дыми
1568,Дымиться ,дымиться,дымись
1570,Дышать ,дышать,дыши
